Model,F1,Recall,Precision,Accuracy
Random Forest CV,0.580528563620339,0.4725168756027,0.756289051065107,0.8613333333333333
